ID,Route,Time,Stop
1,A1,7:22 AM,Load
2,A1,7:25 AM,Stadium
3,A1,7:32 AM,Well's Library
4,A1,7:34 AM,3rd & Jordan
5,A1,---,IMU
6,A1,7:41 AM,Stadium ()
7,A1,7:46 AM,Load
8,A1,7:49 AM,Stadium
9,A1,7:56 AM,Well's Library
10,A1,7:58 AM,3rd & Jordan
11,A1,---,IMU
12,A1,8:05 AM,Stadium ()
13,A1,8:17 AM,Load
14,A1,8:20 AM,Stadium
15,A1,8:27 AM,Well's Library
16,A1,8:29 AM,3rd & Jordan
17,A1,8:39 AM,IMU
18,A1,8:47 AM,Stadium ()
19,A1,8:52 AM,Load
20,A1,8:55 AM,Stadium
21,A1,9:02 AM,Well's Library
22,A1,9:04 AM,3rd & Jordan
23,A1,9:14 AM,IMU
24,A1,9:22 AM,Stadium ()
25,A1,9:44 AM,Load
26,A1,9:47 AM,Stadium
27,A1,9:54 AM,Well's Library
28,A1,9:56 AM,3rd & Jordan
29,A1,10:06 AM,IMU
30,A1,10:14 AM,Stadium ()
31,A1,10:26 AM,Load
32,A1,10:29 AM,Stadium
33,A1,10:36 AM,Well's Library
34,A1,10:38 AM,3rd & Jordan
35,A1,10:48 AM,IMU
36,A1,10:56 AM,Stadium ()
37,A1,11:04 AM,Load
38,A1,11:07 AM,Stadium
39,A1,11:14 AM,Well's Library
40,A1,11:16 AM,3rd & Jordan
41,A1,11:26 AM,IMU
42,A1,11:34 AM,Stadium ()
43,A1,11:54 AM,Load
44,A1,11:57 AM,Stadium
45,A1,12:04 PM,Well's Library
46,A1,12:06 PM,3rd & Jordan
47,A1,12:16 PM,IMU
48,A1,12:24 PM,Stadium ()
49,A1,12:37 PM,Load
50,A1,12:40 PM,Stadium
51,A1,12:47 PM,Well's Library
52,A1,12:49 PM,3rd & Jordan
53,A1,12:59 PM,IMU
54,A1,1:07 PM,Stadium ()
55,A1,1:15 PM,Load
56,A1,1:18 PM,Stadium
57,A1,1:25 PM,Well's Library
58,A1,1:27 PM,3rd & Jordan
59,A1,1:37 PM,IMU
60,A1,1:45 PM,Stadium ()
61,A1,2:03 PM,Load
62,A1,2:06 PM,Stadium
63,A1,2:13 PM,Well's Library
64,A1,2:15 PM,3rd & Jordan
65,A1,2:25 PM,IMU
66,A1,2:33 PM,Stadium ()
67,A1,2:49 PM,Load
68,A1,2:52 PM,Stadium
69,A1,2:59 PM,Well's Library
70,A1,3:01 PM,3rd & Jordan
71,A1,3:11 PM,IMU
72,A1,3:19 PM,Stadium ()
73,A1,3:29 PM,Load
74,A1,3:32 PM,Stadium
75,A1,3:39 PM,Well's Library
76,A1,3:41 PM,3rd & Jordan
77,A1,3:51 PM,IMU
78,A1,3:59 PM,Stadium ()
79,A1,4:05 PM,Load
80,A1,4:08 PM,Stadium
81,A1,4:15 PM,Well's Library
82,A1,4:17 PM,3rd & Jordan
83,A1,4:27 PM,IMU
84,A1,4:35 PM,Stadium ()
85,A1,4:50 PM,Load
86,A1,4:53 PM,Stadium
87,A1,5:00 PM,Well's Library
88,A1,5:02 PM,3rd & Jordan
89,A1,5:12 PM,IMU
90,A1,5:20 PM,Stadium ()
91,A1,5:28 PM,Load
92,A1,5:31 PM,Stadium
93,A1,5:38 PM,Well's Library
94,A1,5:40 PM,3rd & Jordan
95,A1,5:50 PM,IMU
96,A1,5:58 PM,Stadium ()
97,A1,6:12 PM,Load
98,A1,6:15 PM,Stadium
99,A1,6:22 PM,Well's Library
100,A1,6:24 PM,3rd & Jordan
101,A1,6:34 PM,IMU
102,A1,6:42 PM,Stadium ()
103,A1,6:52 PM,Load
104,A1,6:55 PM,Stadium
105,A1,7:02 PM,Well's Library
106,A1,7:04 PM,3rd & Jordan
107,A1,7:14 PM,IMU
108,A1,7:22 PM,Stadium ()
109,A1,7:28 PM,Load
110,A1,7:31 PM,Stadium
111,A1,7:38 PM,Well's Library
112,A1,7:40 PM,3rd & Jordan
113,A1,7:50 PM,IMU
114,A1,7:58 PM,Stadium ()
115,A1,8:04 PM,Load
116,A1,8:07 PM,Stadium
117,A1,8:14 PM,Well's Library
118,A1,8:16 PM,3rd & Jordan
119,A1,8:26 PM,IMU
120,A1,8:34 PM,Stadium ()
121,A1,8:47 PM,Load
122,A1,8:50 PM,Stadium
123,A1,8:57 PM,Well's Library
124,A1,8:59 PM,3rd & Jordan
125,A1,9:09 PM,IMU
126,A1,9:17 PM,Stadium ()
127,A1,9:22 PM,Load
128,A1,9:25 PM,Stadium
129,A1,9:32 PM,Well's Library
130,A1,9:34 PM,3rd & Jordan
131,A1,9:44 PM,IMU
132,A1,9:52 PM,Stadium ()
133,A1,9:57 PM,Load
134,A1,10:00 PM,Stadium
135,A1,10:07 PM,Well's Library
136,A1,10:09 PM,3rd & Jordan
137,A1,10:19 PM,IMU
138,A1,10:27 PM,Stadium ()
139,A1,10:32 PM,Load
140,A1,10:35 PM,Stadium
141,A1,10:42 PM,Well's Library
142,A1,10:44 PM,3rd & Jordan
143,A1,10:54 PM,IMU
144,A1,11:02 PM,Stadium ()
145,A1,11:07 PM,Load
146,A1,11:10 PM,Stadium
147,A1,11:17 PM,Well's Library
148,A1,11:19 PM,3rd & Jordan
149,A1,11:29 PM,IMU
150,A1,11:37 PM,Stadium ()
151,A1,11:42 PM,Load
152,A1,11:45 PM,Stadium
153,A1,11:52 PM,Well's Library
154,A1,11:54 PM,3rd & Jordan
155,A1,12:04 AM,IMU
156,A1,12:12 AM,Stadium ()
157,A1,12:12 AM,Load
158,A1,12:15 AM,Stadium
159,A1,12:22 AM,Well's Library
160,A1,12:24 AM,3rd & Jordan
161,A1,12:34 AM,IMU
162,A1,12:42 AM,Stadium ()
163,A2,Time,Stop
164,A2,7:36 AM,Load
165,A2,7:39 AM,Stadium
166,A2,7:46 AM,Well's Library
167,A2,7:48 AM,3rd & Jordan
168,A2,---,IMU
169,A2,7:55 AM,Stadium ()
170,A2,8:07 AM,Load
171,A2,8:10 AM,Stadium
172,A2,8:17 AM,Well's Library
173,A2,8:19 AM,3rd & Jordan
174,A2,8:29 AM,IMU
175,A2,8:37 AM,Stadium ()
176,A2,8:43 AM,Load
177,A2,8:46 AM,Stadium
178,A2,8:53 AM,Well's Library
179,A2,8:55 AM,3rd & Jordan
180,A2,9:05 AM,IMU
181,A2,9:13 AM,Stadium ()
182,A2,9:23 AM,Load
183,A2,9:26 AM,Stadium
184,A2,9:33 AM,Well's Library
185,A2,9:35 AM,3rd & Jordan
186,A2,9:45 AM,IMU
187,A2,9:53 AM,Stadium ()
188,A2,10:10 AM,Load
189,A2,10:13 AM,Stadium
190,A2,10:20 AM,Well's Library
191,A2,10:22 AM,3rd & Jordan
192,A2,10:32 AM,IMU
193,A2,10:40 AM,Stadium ()
194,A2,10:52 AM,Load
195,A2,10:55 AM,Stadium
196,A2,11:02 AM,Well's Library
197,A2,11:04 AM,3rd & Jordan
198,A2,11:14 AM,IMU
199,A2,11:22 AM,Stadium ()
200,A2,11:38 AM,Load
201,A2,11:41 AM,Stadium
202,A2,11:48 AM,Well's Library
203,A2,11:50 AM,3rd & Jordan
204,A2,12:00 PM,IMU
205,A2,12:08 PM,Stadium ()
206,A2,12:22 PM,Load
207,A2,12:25 PM,Stadium
208,A2,12:32 PM,Well's Library
209,A2,12:34 PM,3rd & Jordan
210,A2,12:44 PM,IMU
211,A2,12:52 PM,Stadium ()
212,A2,1:01 PM,Load
213,A2,1:04 PM,Stadium
214,A2,1:11 PM,Well's Library
215,A2,1:13 PM,3rd & Jordan
216,A2,1:23 PM,IMU
217,A2,1:31 PM,Stadium ()
218,A2,1:44 PM,Load
219,A2,1:47 PM,Stadium
220,A2,1:54 PM,Well's Library
221,A2,1:56 PM,3rd & Jordan
222,A2,2:06 PM,IMU
223,A2,2:14 PM,Stadium ()
224,A2,2:28 PM,Load
225,A2,2:31 PM,Stadium
226,A2,2:38 PM,Well's Library
227,A2,2:40 PM,3rd & Jordan
228,A2,2:50 PM,IMU
229,A2,2:58 PM,Stadium ()
230,A2,3:17 PM,Load
231,A2,3:20 PM,Stadium
232,A2,3:27 PM,Well's Library
233,A2,3:29 PM,3rd & Jordan
234,A2,3:39 PM,IMU
235,A2,3:47 PM,Stadium ()
236,A2,3:53 PM,Load
237,A2,3:56 PM,Stadium
238,A2,4:03 PM,Well's Library
239,A2,4:05 PM,3rd & Jordan
240,A2,4:15 PM,IMU
241,A2,4:23 PM,Stadium ()
242,A2,4:34 PM,Load
243,A2,4:37 PM,Stadium
244,A2,4:44 PM,Well's Library
245,A2,4:46 PM,3rd & Jordan
246,A2,4:56 PM,IMU
247,A2,5:04 PM,Stadium ()
248,A2,5:13 PM,Load
249,A2,5:16 PM,Stadium
250,A2,5:23 PM,Well's Library
251,A2,5:25 PM,3rd & Jordan
252,A2,5:35 PM,IMU
253,A2,5:43 PM,Stadium ()
254,A2,5:56 PM,Load
255,A2,5:59 PM,Stadium
256,A2,6:06 PM,Well's Library
257,A2,6:08 PM,3rd & Jordan
258,A2,6:18 PM,IMU
259,A2,6:26 PM,Stadium ()
260,A2,6:42 PM,Load
261,A2,6:45 PM,Stadium
262,A2,6:52 PM,Well's Library
263,A2,6:54 PM,3rd & Jordan
264,A2,7:04 PM,IMU
265,A2,7:12 PM,Stadium ()
266,A2,7:19 PM,Load
267,A2,7:22 PM,Stadium
268,A2,7:29 PM,Well's Library
269,A2,7:31 PM,3rd & Jordan
270,A2,7:41 PM,IMU
271,A2,7:49 PM,Stadium ()
272,A2,7:55 PM,Load
273,A2,7:58 PM,Stadium
274,A2,8:05 PM,Well's Library
275,A2,8:07 PM,3rd & Jordan
276,A2,8:17 PM,IMU
277,A2,8:25 PM,Stadium ()
278,A2,8:27 PM,Load
279,A2,8:30 PM,Stadium
280,A2,8:37 PM,Well's Library
281,A2,8:39 PM,3rd & Jordan
282,A2,8:49 PM,IMU
283,A2,8:57 PM,Stadium ()
284,A2,9:02 PM,Load
285,A2,9:05 PM,Stadium
286,A2,9:12 PM,Well's Library
287,A2,9:14 PM,3rd & Jordan
288,A2,9:24 PM,IMU
289,A2,9:32 PM,Stadium ()
290,A2,9:37 PM,Load
291,A2,9:40 PM,Stadium
292,A2,9:47 PM,Well's Library
293,A2,9:49 PM,3rd & Jordan
294,A2,9:59 PM,IMU
295,A2,10:07 PM,Stadium ()
296,A3,Time,Stop
297,A3,9:13 AM,Load
298,A3,9:16 AM,Stadium
299,A3,9:23 AM,Well's Library
300,A3,9:25 AM,3rd & Jordan
301,A3,9:35 AM,IMU
302,A3,9:43 AM,Stadium ()
303,A3,10:02 AM,Load
304,A3,10:05 AM,Stadium
305,A3,10:12 AM,Well's Library
306,A3,10:14 AM,3rd & Jordan
307,A3,10:24 AM,IMU
308,A3,10:32 AM,Stadium ()
309,A3,10:46 AM,Load
310,A3,10:49 AM,Stadium
311,A3,10:56 AM,Well's Library
312,A3,10:58 AM,3rd & Jordan
313,A3,11:08 AM,IMU
314,A3,11:16 AM,Stadium ()
315,A3,11:28 AM,Load
316,A3,11:31 AM,Stadium
317,A3,11:38 AM,Well's Library
318,A3,11:40 AM,3rd & Jordan
319,A3,11:50 AM,IMU
320,A3,11:58 AM,Stadium ()
321,A3,12:13 PM,Load
322,A3,12:16 PM,Stadium
323,A3,12:23 PM,Well's Library
324,A3,12:25 PM,3rd & Jordan
325,A3,12:35 PM,IMU
326,A3,12:43 PM,Stadium ()
327,A3,12:56 PM,Load
328,A3,12:59 PM,Stadium
329,A3,1:06 PM,Well's Library
330,A3,1:08 PM,3rd & Jordan
331,A3,1:18 PM,IMU
332,A3,1:26 PM,Stadium ()
333,A3,1:34 PM,Load
334,A3,1:37 PM,Stadium
335,A3,1:44 PM,Well's Library
336,A3,1:46 PM,3rd & Jordan
337,A3,1:56 PM,IMU
338,A3,2:04 PM,Stadium ()
339,A3,2:21 PM,Load
340,A3,2:24 PM,Stadium
341,A3,2:31 PM,Well's Library
342,A3,2:33 PM,3rd & Jordan
343,A3,2:43 PM,IMU
344,A3,2:51 PM,Stadium ()
345,A3,3:11 PM,Load
346,A3,3:14 PM,Stadium
347,A3,3:21 PM,Well's Library
348,A3,3:23 PM,3rd & Jordan
349,A3,3:33 PM,IMU
350,A3,3:41 PM,Stadium ()
351,A3,3:47 PM,Load
352,A3,3:50 PM,Stadium
353,A3,3:57 PM,Well's Library
354,A3,3:59 PM,3rd & Jordan
355,A3,4:09 PM,IMU
356,A3,4:17 PM,Stadium ()
357,A3,4:26 PM,Load
358,A3,4:29 PM,Stadium
359,A3,4:36 PM,Well's Library
360,A3,4:38 PM,3rd & Jordan
361,A3,4:48 PM,IMU
362,A3,4:56 PM,Stadium ()
363,A3,5:05 PM,Load
364,A3,5:08 PM,Stadium
365,A3,5:15 PM,Well's Library
366,A3,5:17 PM,3rd & Jordan
367,A3,5:27 PM,IMU
368,A3,5:35 PM,Stadium ()
369,A3,5:47 PM,Load
370,A3,5:50 PM,Stadium
371,A3,5:57 PM,Well's Library
372,A3,5:59 PM,3rd & Jordan
373,A3,6:09 PM,IMU
374,A3,6:17 PM,Stadium ()
375,A3,6:30 PM,Load
376,A3,6:33 PM,Stadium
377,A3,6:40 PM,Well's Library
378,A3,6:42 PM,3rd & Jordan
379,A3,6:52 PM,IMU
380,A3,7:00 PM,Stadium ()
381,A3,7:10 PM,Load
382,A3,7:13 PM,Stadium
383,A3,7:20 PM,Well's Library
384,A3,7:22 PM,3rd & Jordan
385,A3,7:32 PM,IMU
386,A3,7:40 PM,Stadium ()
387,A3,7:46 PM,Load
388,A3,7:49 PM,Stadium
389,A3,7:56 PM,Well's Library
390,A3,7:58 PM,3rd & Jordan
391,A3,8:08 PM,IMU
392,A3,8:16 PM,Stadium ()
393,A4,Time,Stop
394,A4,8:59 AM,Load
395,A4,9:02 AM,Stadium
396,A4,9:09 AM,Well's Library
397,A4,9:11 AM,3rd & Jordan
398,A4,9:21 AM,IMU
399,A4,9:29 AM,Stadium ()
400,A4,9:50 AM,Load
401,A4,9:53 AM,Stadium
402,A4,10:00 AM,Well's Library
403,A4,10:02 AM,3rd & Jordan
404,A4,10:12 AM,IMU
405,A4,10:20 AM,Stadium ()
406,A4,10:34 AM,Load
407,A4,10:37 AM,Stadium
408,A4,10:44 AM,Well's Library
409,A4,10:46 AM,3rd & Jordan
410,A4,10:56 AM,IMU
411,A4,11:04 AM,Stadium ()
412,A4,11:10 AM,Load
413,A4,11:13 AM,Stadium
414,A4,11:20 AM,Well's Library
415,A4,11:22 AM,3rd & Jordan
416,A4,11:32 AM,IMU
417,A4,11:40 AM,Stadium ()
418,A4,12:01 PM,Load
419,A4,12:04 PM,Stadium
420,A4,12:11 PM,Well's Library
421,A4,12:13 PM,3rd & Jordan
422,A4,12:23 PM,IMU
423,A4,12:31 PM,Stadium ()
424,A4,12:43 PM,Load
425,A4,12:46 PM,Stadium
426,A4,12:53 PM,Well's Library
427,A4,12:55 PM,3rd & Jordan
428,A4,1:05 PM,IMU
429,A4,1:13 PM,Stadium ()
430,A4,1:22 PM,Load
431,A4,1:25 PM,Stadium
432,A4,1:32 PM,Well's Library
433,A4,1:34 PM,3rd & Jordan
434,A4,1:44 PM,IMU
435,A4,1:52 PM,Stadium ()
436,A4,2:09 PM,Load
437,A4,2:12 PM,Stadium
438,A4,2:19 PM,Well's Library
439,A4,2:21 PM,3rd & Jordan
440,A4,2:31 PM,IMU
441,A4,2:39 PM,Stadium ()
442,A4,2:59 PM,Load
443,A4,3:02 PM,Stadium
444,A4,3:09 PM,Well's Library
445,A4,3:11 PM,3rd & Jordan
446,A4,3:21 PM,IMU
447,A4,3:29 PM,Stadium ()
448,A4,3:35 PM,Load
449,A4,3:38 PM,Stadium
450,A4,3:45 PM,Well's Library
451,A4,3:47 PM,3rd & Jordan
452,A4,3:57 PM,IMU
453,A4,4:05 PM,Stadium ()
454,A4,4:18 PM,Load
455,A4,4:21 PM,Stadium
456,A4,4:28 PM,Well's Library
457,A4,4:30 PM,3rd & Jordan
458,A4,4:40 PM,IMU
459,A4,4:48 PM,Stadium ()
460,A4,4:57 PM,Load
461,A4,5:00 PM,Stadium
462,A4,5:07 PM,Well's Library
463,A4,5:09 PM,3rd & Jordan
464,A4,5:19 PM,IMU
465,A4,5:27 PM,Stadium ()
466,A4,5:40 PM,Load
467,A4,5:43 PM,Stadium
468,A4,5:50 PM,Well's Library
469,A4,5:52 PM,3rd & Jordan
470,A4,6:02 PM,IMU
471,A4,6:10 PM,Stadium ()
472,A4,6:21 PM,Load
473,A4,6:24 PM,Stadium
474,A4,6:31 PM,Well's Library
475,A4,6:33 PM,3rd & Jordan
476,A4,6:43 PM,IMU
477,A4,6:51 PM,Stadium ()
478,A4,7:01 PM,Load
479,A4,7:04 PM,Stadium
480,A4,7:11 PM,Well's Library
481,A4,7:13 PM,3rd & Jordan
482,A4,7:23 PM,IMU
483,A4,7:31 PM,Stadium ()
484,A4,7:37 PM,Load
485,A4,7:40 PM,Stadium
486,A4,7:47 PM,Well's Library
487,A4,7:49 PM,3rd & Jordan
488,A4,7:59 PM,IMU
489,A4,8:07 PM,Stadium ()
490,A5,Time,Stop
491,A5,9:33 AM,Load
492,A5,9:36 AM,Stadium
493,A5,9:43 AM,Well's Library
494,A5,9:45 AM,3rd & Jordan
495,A5,9:55 AM,IMU
496,A5,10:03 AM,Stadium ()
497,A5,10:18 AM,Load
498,A5,10:21 AM,Stadium
499,A5,10:28 AM,Well's Library
500,A5,10:30 AM,3rd & Jordan
501,A5,10:40 AM,IMU
502,A5,10:48 AM,Stadium ()
503,A5,10:58 AM,Load
504,A5,11:01 AM,Stadium
505,A5,11:08 AM,Well's Library
506,A5,11:10 AM,3rd & Jordan
507,A5,11:20 AM,IMU
508,A5,11:28 AM,Stadium ()
509,A5,11:47 AM,Load
510,A5,11:50 AM,Stadium
511,A5,11:57 AM,Well's Library
512,A5,11:59 AM,3rd & Jordan
513,A5,12:09 PM,IMU
514,A5,12:17 PM,Stadium ()
515,A5,12:31 PM,Load
516,A5,12:34 PM,Stadium
517,A5,12:41 PM,Well's Library
518,A5,12:43 PM,3rd & Jordan
519,A5,12:53 PM,IMU
520,A5,1:01 PM,Stadium ()
521,A5,1:09 PM,Load
522,A5,1:12 PM,Stadium
523,A5,1:19 PM,Well's Library
524,A5,1:21 PM,3rd & Jordan
525,A5,1:31 PM,IMU
526,A5,1:39 PM,Stadium ()
527,A5,1:55 PM,Load
528,A5,1:58 PM,Stadium
529,A5,2:05 PM,Well's Library
530,A5,2:07 PM,3rd & Jordan
531,A5,2:17 PM,IMU
532,A5,2:25 PM,Stadium ()
533,A5,2:39 PM,Load
534,A5,2:42 PM,Stadium
535,A5,2:49 PM,Well's Library
536,A5,2:51 PM,3rd & Jordan
537,A5,3:01 PM,IMU
538,A5,3:09 PM,Stadium ()
539,A5,3:23 PM,Load
540,A5,3:26 PM,Stadium
541,A5,3:33 PM,Well's Library
542,A5,3:35 PM,3rd & Jordan
543,A5,3:45 PM,IMU
544,A5,3:53 PM,Stadium ()
545,A5,3:59 PM,Load
546,A5,4:02 PM,Stadium
547,A5,4:09 PM,Well's Library
548,A5,4:11 PM,3rd & Jordan
549,A5,4:21 PM,IMU
550,A5,4:29 PM,Stadium ()
551,A5,4:43 PM,Load
552,A5,4:46 PM,Stadium
553,A5,4:53 PM,Well's Library
554,A5,4:55 PM,3rd & Jordan
555,A5,5:05 PM,IMU
556,A5,5:13 PM,Stadium ()
557,A5,5:19 PM,Load
558,A5,5:22 PM,Stadium
559,A5,5:29 PM,Well's Library
560,A5,5:31 PM,3rd & Jordan
561,A5,5:41 PM,IMU
562,A5,5:49 PM,Stadium ()
563,A5,6:03 PM,Load
564,A5,6:06 PM,Stadium
565,A5,6:13 PM,Well's Library
566,A5,6:15 PM,3rd & Jordan
567,A5,6:25 PM,IMU
568,A5,6:33 PM,Stadium ()
569,A6,Time,Stop
570,A6,7:29 AM,Load
571,A6,7:32 AM,Stadium
572,A6,7:39 AM,Well's Library
573,A6,7:41 AM,3rd & Jordan
574,A6,---,IMU
575,A6,7:48 AM,Stadium ()
576,A6,7:55 AM,Load
577,A6,7:58 AM,Stadium
578,A6,8:05 AM,Well's Library
579,A6,8:07 AM,3rd & Jordan
580,A6,8:17 AM,IMU
581,A6,8:25 AM,Stadium ()
582,A6,8:30 AM,Load
583,A6,8:33 AM,Stadium
584,A6,8:40 AM,Well's Library
585,A6,8:42 AM,3rd & Jordan
586,A6,8:52 AM,IMU
587,A6,9:00 AM,Stadium ()
588,A6,9:06 AM,Load
589,A6,9:09 AM,Stadium
590,A6,9:16 AM,Well's Library
591,A6,9:18 AM,3rd & Jordan
592,A6,9:28 AM,IMU
593,A6,9:36 AM,Stadium ()
594,A6,9:56 AM,Load
595,A6,9:59 AM,Stadium
596,A6,10:06 AM,Well's Library
597,A6,10:08 AM,3rd & Jordan
598,A6,10:18 AM,IMU
599,A6,10:26 AM,Stadium ()
600,A6,10:40 AM,Load
601,A6,10:43 AM,Stadium
602,A6,10:50 AM,Well's Library
603,A6,10:52 AM,3rd & Jordan
604,A6,11:02 AM,IMU
605,A6,11:10 AM,Stadium ()
606,A6,11:18 AM,Load
607,A6,11:21 AM,Stadium
608,A6,11:28 AM,Well's Library
609,A6,11:30 AM,3rd & Jordan
610,A6,11:40 AM,IMU
611,A6,11:48 AM,Stadium ()
612,A6,12:07 PM,Load
613,A6,12:10 PM,Stadium
614,A6,12:17 PM,Well's Library
615,A6,12:19 PM,3rd & Jordan
616,A6,12:29 PM,IMU
617,A6,12:37 PM,Stadium ()
618,A6,12:49 PM,Load
619,A6,12:52 PM,Stadium
620,A6,12:59 PM,Well's Library
621,A6,1:01 PM,3rd & Jordan
622,A6,1:11 PM,IMU
623,A6,1:19 PM,Stadium ()
624,A6,1:28 PM,Load
625,A6,1:31 PM,Stadium
626,A6,1:38 PM,Well's Library
627,A6,1:40 PM,3rd & Jordan
628,A6,1:50 PM,IMU
629,A6,1:58 PM,Stadium ()
630,A6,2:15 PM,Load
631,A6,2:18 PM,Stadium
632,A6,2:25 PM,Well's Library
633,A6,2:27 PM,3rd & Jordan
634,A6,2:37 PM,IMU
635,A6,2:45 PM,Stadium ()
636,A6,3:05 PM,Load
637,A6,3:08 PM,Stadium
638,A6,3:15 PM,Well's Library
639,A6,3:17 PM,3rd & Jordan
640,A6,3:27 PM,IMU
641,A6,3:35 PM,Stadium ()
642,A6,3:41 PM,Load
643,A6,3:44 PM,Stadium
644,A6,3:51 PM,Well's Library
645,A6,3:53 PM,3rd & Jordan
646,A6,4:03 PM,IMU
647,A6,4:11 PM,Stadium ()
648,A6,4:12 PM,Load
649,A6,4:15 PM,Stadium
650,A6,4:22 PM,Well's Library
651,A6,4:24 PM,3rd & Jordan
652,A6,4:34 PM,IMU
653,A6,4:42 PM,Stadium ()
654,A7,Time,Stop
655,A7,7:24 AM,Pad
656,A7,7:31 AM,Well's Library
657,A7,7:33 AM,3rd & Jordan
658,A7,---,IMU
659,A7,7:48 AM,Stadium ()
660,A7,7:57 AM,Pad
661,A7,8:04 AM,Well's Library
662,A7,8:06 AM,3rd & Jordan
663,A7,8:16 AM,IMU
664,A7,8:24 AM,Stadium ()
665,A7,8:32 AM,Pad
666,A7,8:39 AM,Well's Library
667,A7,8:41 AM,3rd & Jordan
668,A7,8:51 AM,IMU
669,A7,8:59 AM,Stadium ()
670,A7,9:35 AM,Pad
671,A7,9:42 AM,Well's Library
672,A7,9:44 AM,3rd & Jordan
673,A7,9:54 AM,IMU
674,A7,10:02 AM,Stadium ()
675,A7,10:12 AM,Pad
676,A7,10:19 AM,Well's Library
677,A7,10:21 AM,3rd & Jordan
678,A7,10:31 AM,IMU
679,A7,10:39 AM,Stadium ()
680,A7,10:48 AM,Pad
681,A7,10:55 AM,Well's Library
682,A7,10:57 AM,3rd & Jordan
683,A7,11:07 AM,IMU
684,A7,11:15 AM,Stadium ()
685,A7,11:20 AM,Pad
686,A7,11:27 AM,Well's Library
687,A7,11:29 AM,3rd & Jordan
688,A7,11:39 AM,IMU
689,A7,11:47 AM,Stadium ()
690,A7,11:56 AM,Pad
691,A7,12:03 PM,Well's Library
692,A7,12:05 PM,3rd & Jordan
693,A7,12:15 PM,IMU
694,A7,12:23 PM,Stadium ()
695,A7,12:33 PM,Pad
696,A7,12:40 PM,Well's Library
697,A7,12:42 PM,3rd & Jordan
698,A7,12:52 PM,IMU
699,A7,1:00 PM,Stadium ()
700,A7,1:03 PM,Pad
701,A7,1:10 PM,Well's Library
702,A7,1:12 PM,3rd & Jordan
703,A7,1:22 PM,IMU
704,A7,1:30 PM,Stadium ()
705,A7,2:05 PM,Pad
706,A7,2:12 PM,Well's Library
707,A7,2:14 PM,3rd & Jordan
708,A7,2:24 PM,IMU
709,A7,2:32 PM,Stadium ()
710,A7,2:41 PM,Pad
711,A7,2:48 PM,Well's Library
712,A7,2:50 PM,3rd & Jordan
713,A7,3:00 PM,IMU
714,A7,3:08 PM,Stadium ()
715,A7,3:19 PM,Pad
716,A7,3:26 PM,Well's Library
717,A7,3:28 PM,3rd & Jordan
718,A7,3:38 PM,IMU
719,A7,3:46 PM,Stadium ()
720,A7,4:14 PM,Pad
721,A7,4:21 PM,Well's Library
722,A7,4:23 PM,3rd & Jordan
723,A7,4:33 PM,IMU
724,A7,4:41 PM,Stadium ()
725,B1,Time,Stop
726,B1,7:30 AM,Fisher Court
727,B1,7:36 AM,Jordan & 10th
728,B1,7:40 AM,3rd & Jordan
729,B1,7:49 AM,Jordan & 10th
730,B1,7:55 AM,Fisher Court ()
731,B1,7:55 AM,Fisher Court
732,B1,8:01 AM,Jordan & 10th
733,B1,8:05 AM,3rd & Jordan
734,B1,8:14 AM,Jordan & 10th
735,B1,8:20 AM,Fisher Court ()
736,B1,8:28 AM,Fisher Court
737,B1,8:34 AM,Jordan & 10th
738,B1,8:38 AM,3rd & Jordan
739,B1,8:47 AM,Jordan & 10th
740,B1,8:53 AM,Fisher Court ()
741,B1,8:57 AM,Fisher Court
742,B1,9:03 AM,Jordan & 10th
743,B1,9:07 AM,3rd & Jordan
744,B1,9:16 AM,Jordan & 10th
745,B1,9:22 AM,Fisher Court ()
746,B1,9:34 AM,Fisher Court
747,B1,9:40 AM,Jordan & 10th
748,B1,9:44 AM,3rd & Jordan
749,B1,9:53 AM,Jordan & 10th
750,B1,9:59 AM,Fisher Court ()
751,B1,10:04 AM,Fisher Court
752,B1,10:10 AM,Jordan & 10th
753,B1,10:14 AM,3rd & Jordan
754,B1,10:23 AM,Jordan & 10th
755,B1,10:29 AM,Fisher Court ()
756,B1,10:45 AM,Fisher Court
757,B1,10:51 AM,Jordan & 10th
758,B1,10:55 AM,3rd & Jordan
759,B1,11:04 AM,Jordan & 10th
760,B1,11:10 AM,Fisher Court ()
761,B1,11:20 AM,Fisher Court
762,B1,11:26 AM,Jordan & 10th
763,B1,11:30 AM,3rd & Jordan
764,B1,11:39 AM,Jordan & 10th
765,B1,11:45 AM,Fisher Court ()
766,B1,12:04 PM,Fisher Court
767,B1,12:10 PM,Jordan & 10th
768,B1,12:14 PM,3rd & Jordan
769,B1,12:23 PM,Jordan & 10th
770,B1,12:29 PM,Fisher Court ()
771,B1,12:41 PM,Fisher Court
772,B1,12:47 PM,Jordan & 10th
773,B1,12:51 PM,3rd & Jordan
774,B1,1:00 PM,Jordan & 10th
775,B1,1:06 PM,Fisher Court ()
776,B1,1:14 PM,Fisher Court
777,B1,1:20 PM,Jordan & 10th
778,B1,1:24 PM,3rd & Jordan
779,B1,1:33 PM,Jordan & 10th
780,B1,1:39 PM,Fisher Court ()
781,B1,1:57 PM,Fisher Court
782,B1,2:03 PM,Jordan & 10th
783,B1,2:07 PM,3rd & Jordan
784,B1,2:16 PM,Jordan & 10th
785,B1,2:22 PM,Fisher Court ()
786,B1,2:35 PM,Fisher Court
787,B1,2:41 PM,Jordan & 10th
788,B1,2:45 PM,3rd & Jordan
789,B1,2:54 PM,Jordan & 10th
790,B1,3:00 PM,Fisher Court ()
791,B1,3:22 PM,Fisher Court
792,B1,3:28 PM,Jordan & 10th
793,B1,3:32 PM,3rd & Jordan
794,B1,3:41 PM,Jordan & 10th
795,B1,3:47 PM,Fisher Court ()
796,B1,4:05 PM,Fisher Court
797,B1,4:11 PM,Jordan & 10th
798,B1,4:15 PM,3rd & Jordan
799,B1,4:24 PM,Jordan & 10th
800,B1,4:30 PM,Fisher Court ()
801,B1,4:46 PM,Fisher Court
802,B1,4:52 PM,Jordan & 10th
803,B1,4:56 PM,3rd & Jordan
804,B1,5:05 PM,Jordan & 10th
805,B1,5:11 PM,Fisher Court ()
806,B1,5:31 PM,Fisher Court
807,B1,5:37 PM,Jordan & 10th
808,B1,5:41 PM,3rd & Jordan
809,B1,5:50 PM,Jordan & 10th
810,B1,5:56 PM,Fisher Court ()
811,B1,6:09 PM,Fisher Court
812,B1,6:15 PM,Jordan & 10th
813,B1,6:19 PM,3rd & Jordan
814,B1,6:28 PM,Jordan & 10th
815,B1,6:34 PM,Fisher Court ()
816,B1,6:51 PM,Fisher Court
817,B1,6:57 PM,Jordan & 10th
818,B1,7:01 PM,3rd & Jordan
819,B1,7:10 PM,Jordan & 10th
820,B1,7:16 PM,Fisher Court ()
821,B1,7:21 PM,Fisher Court
822,B1,7:27 PM,Jordan & 10th
823,B1,7:31 PM,3rd & Jordan
824,B1,7:40 PM,Jordan & 10th
825,B1,7:46 PM,Fisher Court ()
826,B1,7:51 PM,Fisher Court
827,B1,7:57 PM,Jordan & 10th
828,B1,8:01 PM,3rd & Jordan
829,B1,8:10 PM,Jordan & 10th
830,B1,8:16 PM,Fisher Court ()
831,B2,Time,Stop
832,B2,7:40 AM,Fisher Court
833,B2,7:46 AM,Jordan & 10th
834,B2,7:50 AM,3rd & Jordan
835,B2,7:59 AM,Jordan & 10th ()
836,B2,8:05 AM,Fisher Court ()
837,B2,8:11 AM,Fisher Court
838,B2,8:17 AM,Jordan & 10th
839,B2,8:21 AM,3rd & Jordan
840,B2,8:30 AM,Jordan & 10th ()
841,B2,8:36 AM,Fisher Court ()
842,B2,8:43 AM,Fisher Court
843,B2,8:49 AM,Jordan & 10th
844,B2,8:53 AM,3rd & Jordan
845,B2,9:02 AM,Jordan & 10th ()
846,B2,9:08 AM,Fisher Court ()
847,B2,9:12 AM,Fisher Court
848,B2,9:18 AM,Jordan & 10th
849,B2,9:22 AM,3rd & Jordan
850,B2,9:31 AM,Jordan & 10th ()
851,B2,9:37 AM,Fisher Court ()
852,B2,9:51 AM,Fisher Court
853,B2,9:57 AM,Jordan & 10th
854,B2,10:01 AM,3rd & Jordan
855,B2,10:10 AM,Jordan & 10th ()
856,B2,10:16 AM,Fisher Court ()
857,B2,10:26 AM,Fisher Court
858,B2,10:32 AM,Jordan & 10th
859,B2,10:36 AM,3rd & Jordan
860,B2,10:45 AM,Jordan & 10th ()
861,B2,10:51 AM,Fisher Court ()
862,B2,11:02 AM,Fisher Court
863,B2,11:08 AM,Jordan & 10th
864,B2,11:12 AM,3rd & Jordan
865,B2,11:21 AM,Jordan & 10th ()
866,B2,11:27 AM,Fisher Court ()
867,B2,11:42 AM,Fisher Court
868,B2,11:48 AM,Jordan & 10th
869,B2,11:52 AM,3rd & Jordan
870,B2,12:01 PM,Jordan & 10th ()
871,B2,12:07 PM,Fisher Court ()
872,B2,12:19 PM,Fisher Court
873,B2,12:25 PM,Jordan & 10th
874,B2,12:29 PM,3rd & Jordan
875,B2,12:38 PM,Jordan & 10th ()
876,B2,12:44 PM,Fisher Court ()
877,B2,1:00 PM,Fisher Court
878,B2,1:06 PM,Jordan & 10th
879,B2,1:10 PM,3rd & Jordan
880,B2,1:19 PM,Jordan & 10th ()
881,B2,1:25 PM,Fisher Court ()
882,B2,1:41 PM,Fisher Court
883,B2,1:47 PM,Jordan & 10th
884,B2,1:51 PM,3rd & Jordan
885,B2,2:00 PM,Jordan & 10th ()
886,B2,2:06 PM,Fisher Court ()
887,B2,2:17 PM,Fisher Court
888,B2,2:23 PM,Jordan & 10th
889,B2,2:27 PM,3rd & Jordan
890,B2,2:36 PM,Jordan & 10th ()
891,B2,2:42 PM,Fisher Court ()
892,B2,3:05 PM,Fisher Court
893,B2,3:11 PM,Jordan & 10th
894,B2,3:15 PM,3rd & Jordan
895,B2,3:24 PM,Jordan & 10th ()
896,B2,3:30 PM,Fisher Court ()
897,B2,3:44 PM,Fisher Court
898,B2,3:50 PM,Jordan & 10th
899,B2,3:54 PM,3rd & Jordan
900,B2,4:03 PM,Jordan & 10th ()
901,B2,4:09 PM,Fisher Court ()
902,B2,4:33 PM,Fisher Court
903,B2,4:39 PM,Jordan & 10th
904,B2,4:43 PM,3rd & Jordan
905,B2,4:52 PM,Jordan & 10th ()
906,B2,4:58 PM,Fisher Court ()
907,B2,5:14 PM,Fisher Court
908,B2,5:20 PM,Jordan & 10th
909,B2,5:24 PM,3rd & Jordan
910,B2,5:33 PM,Jordan & 10th ()
911,B2,5:39 PM,Fisher Court ()
912,B2,6:00 PM,Fisher Court
913,B2,6:06 PM,Jordan & 10th
914,B2,6:10 PM,3rd & Jordan
915,B2,6:19 PM,Jordan & 10th ()
916,B2,6:25 PM,Fisher Court ()
917,B2,6:36 PM,Fisher Court
918,B2,6:42 PM,Jordan & 10th
919,B2,6:46 PM,3rd & Jordan
920,B2,6:55 PM,Jordan & 10th ()
921,B2,7:01 PM,Fisher Court ()
922,B2,7:06 PM,Fisher Court
923,B2,7:12 PM,Jordan & 10th
924,B2,7:16 PM,3rd & Jordan
925,B2,7:25 PM,Jordan & 10th ()
926,B2,7:31 PM,Fisher Court ()
927,B2,7:36 PM,Fisher Court
928,B2,7:42 PM,Jordan & 10th
929,B2,7:46 PM,3rd & Jordan
930,B2,7:55 PM,Jordan & 10th ()
931,B2,8:01 PM,Fisher Court ()
932,B2,8:06 PM,Fisher Court
933,B2,8:12 PM,Jordan & 10th
934,B2,8:16 PM,3rd & Jordan
935,B2,8:25 PM,Jordan & 10th ()
936,B2,8:31 PM,Fisher Court ()
937,B2,8:40 PM,Fisher Court
938,B2,8:46 PM,Jordan & 10th
939,B2,8:50 PM,3rd & Jordan
940,B2,8:59 PM,Jordan & 10th ()
941,B2,9:05 PM,Fisher Court ()
942,B2,9:15 PM,Fisher Court
943,B2,9:21 PM,Jordan & 10th
944,B2,9:25 PM,3rd & Jordan
945,B2,9:34 PM,Jordan & 10th ()
946,B2,9:40 PM,Fisher Court ()
947,B2,9:50 PM,Fisher Court
948,B2,9:56 PM,Jordan & 10th
949,B2,10:00 PM,3rd & Jordan
950,B2,10:09 PM,Jordan & 10th ()
951,B2,10:15 PM,Fisher Court ()
952,B2,10:25 PM,Fisher Court
953,B2,10:31 PM,Jordan & 10th
954,B2,10:35 PM,3rd & Jordan
955,B2,10:44 PM,Jordan & 10th ()
956,B2,10:50 PM,Fisher Court ()
957,B2,10:55 PM,Fisher Court
958,B2,11:01 PM,Jordan & 10th
959,B2,11:05 PM,3rd & Jordan
960,B2,11:14 PM,Jordan & 10th ()
961,B2,11:20 PM,Fisher Court ()
962,B2,11:25 PM,Fisher Court
963,B2,11:31 PM,Jordan & 10th
964,B2,11:35 PM,3rd & Jordan
965,B2,11:44 PM,Jordan & 10th ()
966,B2,11:50 PM,Fisher Court ()
967,B2,11:55 PM,Fisher Court
968,B2,12:01 AM,Jordan & 10th
969,B2,12:05 AM,3rd & Jordan
970,B2,12:14 AM,Jordan & 10th ()
971,B2,12:20 AM,Fisher Court ()
972,B3,Time,Stop
973,B3,8:50 AM,Fisher Court
974,B3,8:56 AM,10th & Jordan
975,B3,9:00 AM,3rd & Jordan
976,B3,9:09 AM,10th & Jordan ()
977,B3,9:15 AM,Fisher Court ()
978,B3,9:23 AM,Fisher Court
979,B3,9:29 AM,10th & Jordan
980,B3,9:33 AM,3rd & Jordan
981,B3,9:42 AM,10th & Jordan ()
982,B3,9:48 AM,Fisher Court ()
983,B3,9:57 AM,Fisher Court
984,B3,10:03 AM,10th & Jordan
985,B3,10:07 AM,3rd & Jordan
986,B3,10:16 AM,10th & Jordan ()
987,B3,10:22 AM,Fisher Court ()
988,B3,10:37 AM,Fisher Court
989,B3,10:43 AM,10th & Jordan
990,B3,10:47 AM,3rd & Jordan
991,B3,10:56 AM,10th & Jordan ()
992,B3,11:02 AM,Fisher Court ()
993,B3,11:09 AM,Fisher Court
994,B3,11:15 AM,10th & Jordan
995,B3,11:19 AM,3rd & Jordan
996,B3,11:28 AM,10th & Jordan ()
997,B3,11:34 AM,Fisher Court ()
998,B3,11:53 AM,Fisher Court
999,B3,11:59 AM,10th & Jordan
1000,B3,12:03 PM,3rd & Jordan
1001,B3,12:12 PM,10th & Jordan ()
1002,B3,12:18 PM,Fisher Court ()
1003,B3,12:30 PM,Fisher Court
1004,B3,12:36 PM,10th & Jordan
1005,B3,12:40 PM,3rd & Jordan
1006,B3,12:49 PM,10th & Jordan ()
1007,B3,12:55 PM,Fisher Court ()
1008,B3,1:08 PM,Fisher Court
1009,B3,1:14 PM,10th & Jordan
1010,B3,1:18 PM,3rd & Jordan
1011,B3,1:27 PM,10th & Jordan ()
1012,B3,1:33 PM,Fisher Court ()
1013,B3,1:51 PM,Fisher Court
1014,B3,1:57 PM,10th & Jordan
1015,B3,2:01 PM,3rd & Jordan
1016,B3,2:10 PM,10th & Jordan ()
1017,B3,2:16 PM,Fisher Court ()
1018,B3,2:25 PM,Fisher Court
1019,B3,2:31 PM,10th & Jordan
1020,B3,2:35 PM,3rd & Jordan
1021,B3,2:44 PM,10th & Jordan ()
1022,B3,2:50 PM,Fisher Court ()
1023,B3,3:15 PM,Fisher Court
1024,B3,3:21 PM,10th & Jordan
1025,B3,3:25 PM,3rd & Jordan
1026,B3,3:34 PM,10th & Jordan ()
1027,B3,3:40 PM,Fisher Court ()
1028,B3,3:54 PM,Fisher Court
1029,B3,4:00 PM,10th & Jordan
1030,B3,4:04 PM,3rd & Jordan
1031,B3,4:13 PM,10th & Jordan ()
1032,B3,4:19 PM,Fisher Court ()
1033,B3,4:39 PM,Fisher Court
1034,B3,4:45 PM,10th & Jordan
1035,B3,4:49 PM,3rd & Jordan
1036,B3,4:58 PM,10th & Jordan ()
1037,B3,5:04 PM,Fisher Court ()
1038,B3,5:24 PM,Fisher Court
1039,B3,5:30 PM,10th & Jordan
1040,B3,5:34 PM,3rd & Jordan
1041,B3,5:43 PM,10th & Jordan ()
1042,B3,5:49 PM,Fisher Court ()
1043,B4,Time,Stop
1044,B4,9:45 AM,Fisher Court
1045,B4,9:51 AM,Jordan & 10th
1046,B4,9:55 AM,3rd & Jordan
1047,B4,10:04 AM,Jordan & 10th ()
1048,B4,10:10 AM,Fisher Court ()
1049,B4,10:15 AM,Fisher Court
1050,B4,10:21 AM,Jordan & 10th
1051,B4,10:25 AM,3rd & Jordan
1052,B4,10:34 AM,Jordan & 10th ()
1053,B4,10:40 AM,Fisher Court ()
1054,B4,10:54 AM,Fisher Court
1055,B4,11:00 AM,Jordan & 10th
1056,B4,11:04 AM,3rd & Jordan
1057,B4,11:13 AM,Jordan & 10th ()
1058,B4,11:19 AM,Fisher Court ()
1059,B4,11:31 AM,Fisher Court
1060,B4,11:37 AM,Jordan & 10th
1061,B4,11:41 AM,3rd & Jordan
1062,B4,11:50 AM,Jordan & 10th ()
1063,B4,11:56 AM,Fisher Court ()
1064,B4,12:11 PM,Fisher Court
1065,B4,12:17 PM,Jordan & 10th
1066,B4,12:21 PM,3rd & Jordan
1067,B4,12:30 PM,Jordan & 10th ()
1068,B4,12:36 PM,Fisher Court ()
1069,B4,12:53 PM,Fisher Court
1070,B4,12:59 PM,Jordan & 10th
1071,B4,1:03 PM,3rd & Jordan
1072,B4,1:12 PM,Jordan & 10th ()
1073,B4,1:18 PM,Fisher Court ()
1074,B4,1:31 PM,Fisher Court
1075,B4,1:37 PM,Jordan & 10th
1076,B4,1:41 PM,3rd & Jordan
1077,B4,1:50 PM,Jordan & 10th ()
1078,B4,1:56 PM,Fisher Court ()
1079,B4,2:09 PM,Fisher Court
1080,B4,2:15 PM,Jordan & 10th
1081,B4,2:19 PM,3rd & Jordan
1082,B4,2:28 PM,Jordan & 10th ()
1083,B4,2:34 PM,Fisher Court ()
1084,B4,2:55 PM,Fisher Court
1085,B4,3:01 PM,Jordan & 10th
1086,B4,3:05 PM,3rd & Jordan
1087,B4,3:14 PM,Jordan & 10th ()
1088,B4,3:20 PM,Fisher Court ()
1089,B4,3:35 PM,Fisher Court
1090,B4,3:41 PM,Jordan & 10th
1091,B4,3:45 PM,3rd & Jordan
1092,B4,3:54 PM,Jordan & 10th ()
1093,B4,4:00 PM,Fisher Court ()
1094,B4,4:25 PM,Fisher Court
1095,B4,4:31 PM,Jordan & 10th
1096,B4,4:35 PM,3rd & Jordan
1097,B4,4:44 PM,Jordan & 10th ()
1098,B4,4:50 PM,Fisher Court ()
1099,B4,5:05 PM,Fisher Court
1100,B4,5:11 PM,Jordan & 10th
1101,B4,5:15 PM,3rd & Jordan
1102,B4,5:24 PM,Jordan & 10th ()
1103,B4,5:30 PM,Fisher Court ()
1104,B4,5:51 PM,Fisher Court
1105,B4,5:57 PM,Jordan & 10th
1106,B4,6:01 PM,3rd & Jordan
1107,B4,6:10 PM,Jordan & 10th ()
1108,B4,6:16 PM,Fisher Court ()
1109,B4,6:27 PM,Fisher Court
1110,B4,6:33 PM,Jordan & 10th
1111,B4,6:37 PM,3rd & Jordan
1112,B4,6:46 PM,Jordan & 10th ()
1113,B4,6:52 PM,Fisher Court ()
1114,B5,Time,Stop
1115,B5,12:48 PM,Fisher Court
1116,B5,12:54 PM,Jordan & 10th
1117,B5,12:58 PM,3rd & Jordan
1118,B5,1:07 PM,Jordan & 10th ()
1119,B5,1:13 PM,Fisher Court ()
1120,B5,1:21 PM,Fisher Court
1121,B5,1:27 PM,Jordan & 10th
1122,B5,1:31 PM,3rd & Jordan
1123,B5,1:40 PM,Jordan & 10th ()
1124,B5,1:46 PM,Fisher Court ()
1125,B5,2:03 PM,Fisher Court
1126,B5,2:09 PM,Jordan & 10th
1127,B5,2:13 PM,3rd & Jordan
1128,B5,2:22 PM,Jordan & 10th ()
1129,B5,2:28 PM,Fisher Court ()
1130,B5,2:45 PM,Fisher Court
1131,B5,2:51 PM,Jordan & 10th
1132,B5,2:55 PM,3rd & Jordan
1133,B5,3:04 PM,Jordan & 10th ()
1134,B5,3:10 PM,Fisher Court ()
1135,B5,3:28 PM,Fisher Court
1136,B5,3:34 PM,Jordan & 10th
1137,B5,3:38 PM,3rd & Jordan
1138,B5,3:47 PM,Jordan & 10th ()
1139,B5,3:53 PM,Fisher Court ()
1140,B5,4:15 PM,Fisher Court
1141,B5,4:21 PM,Jordan & 10th
1142,B5,4:25 PM,3rd & Jordan
1143,B5,4:34 PM,Jordan & 10th ()
1144,B5,4:40 PM,Fisher Court ()
1145,B5,4:55 PM,Fisher Court
1146,B5,5:01 PM,Jordan & 10th
1147,B5,5:05 PM,3rd & Jordan
1148,B5,5:14 PM,Jordan & 10th ()
1149,B5,5:20 PM,Fisher Court ()
1150,B5,5:42 PM,Fisher Court
1151,B5,5:48 PM,Jordan & 10th
1152,B5,5:52 PM,3rd & Jordan
1153,B5,6:01 PM,Jordan & 10th ()
1154,B5,6:07 PM,Fisher Court ()
1155,B5,6:18 PM,Fisher Court
1156,B5,6:24 PM,Jordan & 10th
1157,B5,6:28 PM,3rd & Jordan
1158,B5,6:37 PM,Jordan & 10th ()
1159,B5,6:43 PM,Fisher Court ()
1160,E1,Time,Stop
1161,E1,7:30 AM,Evermann
1162,E1,7:34 AM,Union & 10th
1163,E1,7:36 AM,Willkie
1164,E1,7:39 AM,3rd & Jordan
1165,E1,7:43 AM,IMU
1166,E1,7:47 AM,Wells Library
1167,E1,7:55 AM,Evermann ()
1168,E1,8:05 AM,Evermann
1169,E1,8:09 AM,Union & 10th
1170,E1,8:11 AM,Willkie
1171,E1,8:14 AM,3rd & Jordan
1172,E1,8:18 AM,IMU
1173,E1,8:22 AM,Wells Library
1174,E1,8:30 AM,Evermann ()
1175,E1,8:45 AM,Evermann
1176,E1,8:49 AM,Union & 10th
1177,E1,8:51 AM,Willkie
1178,E1,8:54 AM,3rd & Jordan
1179,E1,8:58 AM,IMU
1180,E1,9:02 AM,Wells Library
1181,E1,9:10 AM,Evermann ()
1182,E1,9:25 AM,Evermann
1183,E1,9:29 AM,Union & 10th
1184,E1,9:31 AM,Willkie
1185,E1,9:34 AM,3rd & Jordan
1186,E1,9:38 AM,IMU
1187,E1,9:42 AM,Wells Library
1188,E1,9:50 AM,Evermann ()
1189,E1,10:05 AM,Evermann
1190,E1,10:09 AM,Union & 10th
1191,E1,10:11 AM,Willkie
1192,E1,10:14 AM,3rd & Jordan
1193,E1,10:18 AM,IMU
1194,E1,10:22 AM,Wells Library
1195,E1,10:30 AM,Evermann ()
1196,E1,10:45 AM,Evermann
1197,E1,10:49 AM,Union & 10th
1198,E1,10:51 AM,Willkie
1199,E1,10:54 AM,3rd & Jordan
1200,E1,10:58 AM,IMU
1201,E1,11:02 AM,Wells Library
1202,E1,11:10 AM,Evermann ()
1203,E1,11:25 AM,Evermann
1204,E1,11:29 AM,Union & 10th
1205,E1,11:31 AM,Willkie
1206,E1,11:34 AM,3rd & Jordan
1207,E1,11:38 AM,IMU
1208,E1,11:42 AM,Wells Library
1209,E1,11:50 AM,Evermann ()
1210,E1,12:05 PM,Evermann
1211,E1,12:09 PM,Union & 10th
1212,E1,12:11 PM,Willkie
1213,E1,12:14 PM,3rd & Jordan
1214,E1,12:18 PM,IMU
1215,E1,12:22 PM,Wells Library
1216,E1,12:30 PM,Evermann ()
1217,E1,12:55 PM,Evermann
1218,E1,12:59 PM,Union & 10th
1219,E1,1:01 PM,Willkie
1220,E1,1:04 PM,3rd & Jordan
1221,E1,1:08 PM,IMU
1222,E1,1:12 PM,Wells Library
1223,E1,1:20 PM,Evermann ()
1224,E1,1:35 PM,Evermann
1225,E1,1:39 PM,Union & 10th
1226,E1,1:41 PM,Willkie
1227,E1,1:44 PM,3rd & Jordan
1228,E1,1:48 PM,IMU
1229,E1,1:52 PM,Wells Library
1230,E1,2:00 PM,Evermann ()
1231,E1,2:15 PM,Evermann
1232,E1,2:19 PM,Union & 10th
1233,E1,2:21 PM,Willkie
1234,E1,2:24 PM,3rd & Jordan
1235,E1,2:28 PM,IMU
1236,E1,2:32 PM,Wells Library
1237,E1,2:40 PM,Evermann ()
1238,E1,2:55 PM,Evermann
1239,E1,2:59 PM,Union & 10th
1240,E1,3:01 PM,Willkie
1241,E1,3:04 PM,3rd & Jordan
1242,E1,3:08 PM,IMU
1243,E1,3:12 PM,Wells Library
1244,E1,3:20 PM,Evermann ()
1245,E1,3:30 PM,Evermann
1246,E1,3:34 PM,Union & 10th
1247,E1,3:36 PM,Willkie
1248,E1,3:39 PM,3rd & Jordan
1249,E1,3:43 PM,IMU
1250,E1,3:47 PM,Wells Library
1251,E1,3:55 PM,Evermann ()
1252,E1,4:10 PM,Evermann
1253,E1,4:14 PM,Union & 10th
1254,E1,4:16 PM,Willkie
1255,E1,4:19 PM,3rd & Jordan
1256,E1,4:23 PM,IMU
1257,E1,4:27 PM,Wells Library
1258,E1,4:35 PM,Evermann ()
1259,E2,Time,Stop
1260,E2,7:45 AM,Evermann
1261,E2,7:49 AM,Union & 10th
1262,E2,7:51 AM,Willkie
1263,E2,7:54 AM,3rd & Jordan
1264,E2,7:58 AM,IMU
1265,E2,8:02 AM,Wells Library
1266,E2,8:10 AM,Evermann ()
1267,E2,8:25 AM,Evermann
1268,E2,8:29 AM,Union & 10th
1269,E2,8:31 AM,Willkie
1270,E2,8:34 AM,3rd & Jordan
1271,E2,8:38 AM,IMU
1272,E2,8:42 AM,Wells Library
1273,E2,8:50 AM,Evermann ()
1274,E2,9:05 AM,Evermann
1275,E2,9:09 AM,Union & 10th
1276,E2,9:11 AM,Willkie
1277,E2,9:14 AM,3rd & Jordan
1278,E2,9:18 AM,IMU
1279,E2,9:22 AM,Wells Library
1280,E2,9:30 AM,Evermann ()
1281,E2,9:45 AM,Evermann
1282,E2,9:49 AM,Union & 10th
1283,E2,9:51 AM,Willkie
1284,E2,9:54 AM,3rd & Jordan
1285,E2,9:58 AM,IMU
1286,E2,10:02 AM,Wells Library
1287,E2,10:10 AM,Evermann ()
1288,E2,10:25 AM,Evermann
1289,E2,10:29 AM,Union & 10th
1290,E2,10:31 AM,Willkie
1291,E2,10:34 AM,3rd & Jordan
1292,E2,10:38 AM,IMU
1293,E2,10:42 AM,Wells Library
1294,E2,10:50 AM,Evermann ()
1295,E2,11:05 AM,Evermann
1296,E2,11:09 AM,Union & 10th
1297,E2,11:11 AM,Willkie
1298,E2,11:14 AM,3rd & Jordan
1299,E2,11:18 AM,IMU
1300,E2,11:22 AM,Wells Library
1301,E2,11:30 AM,Evermann ()
1302,E2,11:45 AM,Evermann
1303,E2,11:49 AM,Union & 10th
1304,E2,11:51 AM,Willkie
1305,E2,11:54 AM,3rd & Jordan
1306,E2,11:58 AM,IMU
1307,E2,12:02 PM,Wells Library
1308,E2,12:10 PM,Evermann ()
1309,E2,12:25 PM,Evermann
1310,E2,12:29 PM,Union & 10th
1311,E2,12:31 PM,Willkie
1312,E2,12:34 PM,3rd & Jordan
1313,E2,12:38 PM,IMU
1314,E2,12:42 PM,Wells Library
1315,E2,12:50 PM,Evermann ()
1316,E2,1:05 PM,Evermann
1317,E2,1:09 PM,Union & 10th
1318,E2,1:11 PM,Willkie
1319,E2,1:14 PM,3rd & Jordan
1320,E2,1:18 PM,IMU
1321,E2,1:22 PM,Wells Library
1322,E2,1:30 PM,Evermann ()
1323,E2,1:45 PM,Evermann
1324,E2,1:49 PM,Union & 10th
1325,E2,1:51 PM,Willkie
1326,E2,1:54 PM,3rd & Jordan
1327,E2,1:58 PM,IMU
1328,E2,2:02 PM,Wells Library
1329,E2,2:10 PM,Evermann ()
1330,E2,2:25 PM,Evermann
1331,E2,2:29 PM,Union & 10th
1332,E2,2:31 PM,Willkie
1333,E2,2:34 PM,3rd & Jordan
1334,E2,2:38 PM,IMU
1335,E2,2:42 PM,Wells Library
1336,E2,2:50 PM,Evermann ()
1337,E2,3:05 PM,Evermann
1338,E2,3:09 PM,Union & 10th
1339,E2,3:11 PM,Willkie
1340,E2,3:14 PM,3rd & Jordan
1341,E2,3:18 PM,IMU
1342,E2,3:22 PM,Wells Library
1343,E2,3:30 PM,Evermann ()
1344,E2,3:45 PM,Evermann
1345,E2,3:49 PM,Union & 10th
1346,E2,3:51 PM,Willkie
1347,E2,3:54 PM,3rd & Jordan
1348,E2,3:58 PM,IMU
1349,E2,4:02 PM,Wells Library
1350,E2,4:10 PM,Evermann ()
1351,E2,4:20 PM,Evermann
1352,E2,4:24 PM,Union & 10th
1353,E2,4:26 PM,Willkie
1354,E2,4:29 PM,3rd & Jordan
1355,E2,4:33 PM,IMU
1356,E2,4:37 PM,Wells Library
1357,E2,4:45 PM,Evermann ()
1358,E2,5:00 PM,Evermann
1359,E2,5:04 PM,Union & 10th
1360,E2,5:06 PM,Willkie
1361,E2,5:09 PM,3rd & Jordan
1362,E2,5:13 PM,IMU
1363,E2,5:17 PM,Wells Library
1364,E2,5:25 PM,Evermann ()
1365,E2,5:40 PM,Evermann
1366,E2,5:44 PM,Union & 10th
1367,E2,5:46 PM,Willkie
1368,E2,5:49 PM,3rd & Jordan
1369,E2,5:53 PM,IMU
1370,E2,5:57 PM,Wells Library
1371,E2,6:05 PM,Evermann ()
1372,E2,6:20 PM,Evermann
1373,E2,6:24 PM,Union & 10th
1374,E2,6:26 PM,Willkie
1375,E2,6:29 PM,3rd & Jordan
1376,E2,6:33 PM,IMU
1377,E2,6:37 PM,Wells Library
1378,E2,6:45 PM,Evermann ()
1379,E2,7:05 PM,Evermann
1380,E2,7:09 PM,Union & 10th
1381,E2,7:11 PM,Willkie
1382,E2,7:14 PM,3rd & Jordan
1383,E2,7:18 PM,IMU
1384,E2,7:22 PM,Wells Library
1385,E2,7:30 PM,Evermann ()
1386,E2,7:40 PM,Evermann
1387,E2,7:44 PM,Union & 10th
1388,E2,7:46 PM,Willkie
1389,E2,7:49 PM,3rd & Jordan
1390,E2,7:53 PM,IMU
1391,E2,7:57 PM,Wells Library
1392,E2,8:05 PM,Evermann ()
1393,E2,8:15 PM,Evermann
1394,E2,8:19 PM,Union & 10th
1395,E2,8:21 PM,Willkie
1396,E2,8:24 PM,3rd & Jordan
1397,E2,8:28 PM,IMU
1398,E2,8:32 PM,Wells Library
1399,E2,8:40 PM,Evermann ()
1400,E2,8:50 PM,Evermann
1401,E2,8:54 PM,Union & 10th
1402,E2,8:56 PM,Willkie
1403,E2,8:59 PM,3rd & Jordan
1404,E2,9:03 PM,IMU
1405,E2,9:07 PM,Wells Library
1406,E2,9:15 PM,Evermann ()
1407,E2,9:25 PM,Evermann
1408,E2,9:29 PM,Union & 10th
1409,E2,9:31 PM,Willkie
1410,E2,9:34 PM,3rd & Jordan
1411,E2,9:38 PM,IMU
1412,E2,9:42 PM,Wells Library
1413,E2,9:50 PM,Evermann ()
1414,E2,10:00 PM,Evermann
1415,E2,10:04 PM,Union & 10th
1416,E2,10:06 PM,Willkie
1417,E2,10:09 PM,3rd & Jordan
1418,E2,10:13 PM,IMU
1419,E2,10:17 PM,Wells Library
1420,E2,10:25 PM,Evermann ()
1421,E2,10:35 PM,Evermann
1422,E2,10:39 PM,Union & 10th
1423,E2,10:41 PM,Willkie
1424,E2,10:44 PM,3rd & Jordan
1425,E2,10:48 PM,IMU
1426,E2,10:52 PM,Wells Library
1427,E2,11:00 PM,Evermann ()
1428,E2,11:10 PM,Evermann
1429,E2,11:14 PM,Union & 10th
1430,E2,11:16 PM,Willkie
1431,E2,11:19 PM,3rd & Jordan
1432,E2,11:23 PM,IMU
1433,E2,11:27 PM,Wells Library
1434,E2,11:35 PM,Evermann ()
1435,E2,11:45 PM,Evermann
1436,E2,11:49 PM,Union & 10th
1437,E2,11:51 PM,Willkie
1438,E2,11:54 PM,3rd & Jordan
1439,E2,11:58 PM,IMU
1440,E2,12:02 AM,Wells Library
1441,E2,12:10 AM,Evermann ()
1442,E2,12:15 AM,Evermann
1443,E2,12:19 AM,Union & 10th
1444,E2,12:21 AM,Willkie
1445,E2,12:24 AM,3rd & Jordan
1446,E2,12:28 AM,IMU
1447,E2,12:32 AM,Wells Library
1448,E2,12:40 AM,Evermann ()
1449,E3,Time,Stop
1450,E3,12:40 PM,Evermann
1451,E3,12:44 PM,Union & 10th
1452,E3,12:46 PM,Willkie
1453,E3,12:49 PM,3rd & Jordan
1454,E3,12:53 PM,IMU
1455,E3,12:57 PM,Wells Library
1456,E3,1:05 PM,Evermann ()
1457,E3,1:20 PM,Evermann
1458,E3,1:24 PM,Union & 10th
1459,E3,1:26 PM,Willkie
1460,E3,1:29 PM,3rd & Jordan
1461,E3,1:33 PM,IMU
1462,E3,1:37 PM,Wells Library
1463,E3,1:45 PM,Evermann ()
1464,E3,2:00 PM,Evermann
1465,E3,2:04 PM,Union & 10th
1466,E3,2:06 PM,Willkie
1467,E3,2:09 PM,3rd & Jordan
1468,E3,2:13 PM,IMU
1469,E3,2:17 PM,Wells Library
1470,E3,2:25 PM,Evermann ()
1471,E3,2:40 PM,Evermann
1472,E3,2:44 PM,Union & 10th
1473,E3,2:46 PM,Willkie
1474,E3,2:49 PM,3rd & Jordan
1475,E3,2:53 PM,IMU
1476,E3,2:57 PM,Wells Library
1477,E3,3:05 PM,Evermann ()
1478,E3,3:20 PM,Evermann
1479,E3,3:24 PM,Union & 10th
1480,E3,3:26 PM,Willkie
1481,E3,3:29 PM,3rd & Jordan
1482,E3,3:33 PM,IMU
1483,E3,3:37 PM,Wells Library
1484,E3,3:45 PM,Evermann ()
1485,E3,4:00 PM,Evermann
1486,E3,4:04 PM,Union & 10th
1487,E3,4:06 PM,Willkie
1488,E3,4:09 PM,3rd & Jordan
1489,E3,4:13 PM,IMU
1490,E3,4:17 PM,Wells Library
1491,E3,4:25 PM,Evermann ()
1492,E3,4:40 PM,Evermann
1493,E3,4:44 PM,Union & 10th
1494,E3,4:46 PM,Willkie
1495,E3,4:49 PM,3rd & Jordan
1496,E3,4:53 PM,IMU
1497,E3,4:57 PM,Wells Library
1498,E3,5:05 PM,Evermann ()
1499,E3,5:20 PM,Evermann
1500,E3,5:24 PM,Union & 10th
1501,E3,5:26 PM,Willkie
1502,E3,5:29 PM,3rd & Jordan
1503,E3,5:33 PM,IMU
1504,E3,5:37 PM,Wells Library
1505,E3,5:45 PM,Evermann ()
1506,E3,6:00 PM,Evermann
1507,E3,6:04 PM,Union & 10th
1508,E3,6:06 PM,Willkie
1509,E3,6:09 PM,3rd & Jordan
1510,E3,6:13 PM,IMU
1511,E3,6:17 PM,Wells Library
1512,E3,6:25 PM,Evermann ()
1513,E3,6:40 PM,Evermann
1514,E3,6:44 PM,Union & 10th
1515,E3,6:46 PM,Willkie
1516,E3,6:49 PM,3rd & Jordan
1517,E3,6:53 PM,IMU
1518,E3,6:57 PM,Wells Library
1519,E3,7:05 PM,Evermann ()
1520,X1,Time,Stop
1521,X1,7:22 AM,Load
1522,X1,7:25 AM,Stadium
1523,X1,7:32 AM,IMU
1524,X1,7:39 AM,Stadium ()
1525,X1,7:47 AM,Load
1526,X1,7:50 AM,Stadium
1527,X1,7:57 AM,IMU
1528,X1,8:04 AM,Stadium ()
1529,X1,8:12 AM,Load
1530,X1,8:15 AM,Stadium
1531,X1,8:22 AM,IMU
1532,X1,8:29 AM,Stadium ()
1533,X1,8:35 AM,Load
1534,X1,8:38 AM,Stadium
1535,X1,8:45 AM,IMU
1536,X1,8:52 AM,Stadium ()
1537,X1,9:02 AM,Load
1538,X1,9:05 AM,Stadium
1539,X1,9:12 AM,IMU
1540,X1,9:19 AM,Stadium ()
1541,X1,9:34 AM,Load
1542,X1,9:37 AM,Stadium
1543,X1,9:44 AM,IMU
1544,X1,9:51 AM,Stadium ()
1545,X1,10:01 AM,Load
1546,X1,10:04 AM,Stadium
1547,X1,10:11 AM,IMU
1548,X1,10:18 AM,Stadium ()
1549,X1,10:28 AM,Load
1550,X1,10:31 AM,Stadium
1551,X1,10:38 AM,IMU
1552,X1,10:45 AM,Stadium ()
1553,X1,10:55 AM,Load
1554,X1,10:58 AM,Stadium
1555,X1,11:05 AM,IMU
1556,X1,11:12 AM,Stadium ()
1557,X1,11:22 AM,Load
1558,X1,11:25 AM,Stadium
1559,X1,11:32 AM,IMU
1560,X1,11:39 AM,Stadium ()
1561,X1,11:49 AM,Load
1562,X1,11:52 AM,Stadium
1563,X1,11:59 AM,IMU
1564,X1,12:06 PM,Stadium ()
1565,X1,12:16 PM,Load
1566,X1,12:19 PM,Stadium
1567,X1,12:26 PM,IMU
1568,X1,12:33 PM,Stadium ()
1569,X1,12:48 PM,Load
1570,X1,12:51 PM,Stadium
1571,X1,12:58 PM,IMU
1572,X1,1:05 PM,Stadium ()
1573,X1,1:15 PM,Load
1574,X1,1:18 PM,Stadium
1575,X1,1:25 PM,IMU
1576,X1,1:32 PM,Stadium ()
1577,X1,1:42 PM,Load
1578,X1,1:45 PM,Stadium
1579,X1,1:52 PM,IMU
1580,X1,1:59 PM,Stadium ()
1581,X1,2:09 PM,Load
1582,X1,2:12 PM,Stadium
1583,X1,2:19 PM,IMU
1584,X1,2:26 PM,Stadium ()
1585,X1,2:36 PM,Load
1586,X1,2:39 PM,Stadium
1587,X1,2:46 PM,IMU
1588,X1,2:53 PM,Stadium ()
1589,X1,3:08 PM,Load
1590,X1,3:11 PM,Stadium
1591,X1,3:18 PM,IMU
1592,X1,3:25 PM,Stadium ()
1593,X1,3:35 PM,Load
1594,X1,3:38 PM,Stadium
1595,X1,3:45 PM,IMU
1596,X1,3:52 PM,Stadium ()
1597,X1,4:02 PM,Load
1598,X1,4:05 PM,Stadium
1599,X1,4:12 PM,IMU
1600,X1,4:19 PM,Stadium ()
1601,X1,4:29 PM,Load
1602,X1,4:32 PM,Stadium
1603,X1,4:39 PM,IMU
1604,X1,4:46 PM,Stadium ()
1605,X1,4:56 PM,Load
1606,X1,4:59 PM,Stadium
1607,X1,5:06 PM,IMU
1608,X1,5:13 PM,Stadium ()
1609,X1,5:26 PM,Load
1610,X1,5:29 PM,Stadium
1611,X1,5:36 PM,IMU
1612,X1,5:43 PM,Stadium ()
1613,X1,5:53 PM,Load
1614,X1,5:56 PM,Stadium
1615,X1,6:03 PM,IMU
1616,X1,6:10 PM,Stadium ()
1617,X1,6:12 PM,Load
1618,X1,6:15 PM,Stadium
1619,X1,6:22 PM,IMU
1620,X1,6:29 PM,Stadium ()
1621,X1,6:37 PM,Load
1622,X1,6:40 PM,Stadium
1623,X1,6:47 PM,IMU
1624,X1,6:54 PM,Stadium ()
1625,X1,7:07 PM,Load
1626,X1,7:10 PM,Stadium
1627,X1,7:17 PM,IMU
1628,X1,7:24 PM,Stadium ()
1629,X1,7:32 PM,Load
1630,X1,7:35 PM,Stadium
1631,X1,7:42 PM,IMU
1632,X1,7:49 PM,Stadium ()
1633,X1,7:57 PM,Load
1634,X1,8:00 PM,Stadium
1635,X1,8:07 PM,IMU
1636,X1,8:14 PM,Stadium ()
1637,X1,8:22 PM,Load
1638,X1,8:25 PM,Stadium
1639,X1,8:32 PM,IMU
1640,X1,8:39 PM,Stadium ()
1641,X2,Time,Stop
1642,X2,7:32 AM,Load
1643,X2,7:35 AM,Stadium
1644,X2,7:42 AM,IMU
1645,X2,7:49 AM,Stadium ()
1646,X2,7:57 AM,Load
1647,X2,8:00 AM,Stadium
1648,X2,8:07 AM,IMU
1649,X2,8:14 AM,Stadium ()
1650,X2,8:22 AM,Load
1651,X2,8:25 AM,Stadium
1652,X2,8:32 AM,IMU
1653,X2,8:39 AM,Stadium ()
1654,X2,8:44 AM,Load
1655,X2,8:47 AM,Stadium
1656,X2,8:54 AM,IMU
1657,X2,9:01 AM,Stadium ()
1658,X2,9:07 AM,Load
1659,X2,9:10 AM,Stadium
1660,X2,9:17 AM,IMU
1661,X2,9:24 AM,Stadium ()
1662,X2,9:43 AM,Load
1663,X2,9:46 AM,Stadium
1664,X2,9:53 AM,IMU
1665,X2,10:00 AM,Stadium ()
1666,X2,10:10 AM,Load
1667,X2,10:13 AM,Stadium
1668,X2,10:20 AM,IMU
1669,X2,10:27 AM,Stadium ()
1670,X2,10:37 AM,Load
1671,X2,10:40 AM,Stadium
1672,X2,10:47 AM,IMU
1673,X2,10:54 AM,Stadium ()
1674,X2,11:04 AM,Load
1675,X2,11:07 AM,Stadium
1676,X2,11:14 AM,IMU
1677,X2,11:21 AM,Stadium ()
1678,X2,11:31 AM,Load
1679,X2,11:34 AM,Stadium
1680,X2,11:41 AM,IMU
1681,X2,11:48 AM,Stadium ()
1682,X2,11:58 AM,Load
1683,X2,12:01 PM,Stadium
1684,X2,12:08 PM,IMU
1685,X2,12:15 PM,Stadium ()
1686,X2,12:30 PM,Load
1687,X2,12:33 PM,Stadium
1688,X2,12:40 PM,IMU
1689,X2,12:47 PM,Stadium ()
1690,X2,12:57 PM,Load
1691,X2,1:00 PM,Stadium
1692,X2,1:07 PM,IMU
1693,X2,1:14 PM,Stadium ()
1694,X2,1:24 PM,Load
1695,X2,1:27 PM,Stadium
1696,X2,1:34 PM,IMU
1697,X2,1:41 PM,Stadium ()
1698,X2,1:51 PM,Load
1699,X2,1:54 PM,Stadium
1700,X2,2:01 PM,IMU
1701,X2,2:08 PM,Stadium ()
1702,X2,2:18 PM,Load
1703,X2,2:21 PM,Stadium
1704,X2,2:28 PM,IMU
1705,X2,2:35 PM,Stadium ()
1706,X2,2:50 PM,Load
1707,X2,2:53 PM,Stadium
1708,X2,3:00 PM,IMU
1709,X2,3:07 PM,Stadium ()
1710,X2,3:17 PM,Load
1711,X2,3:20 PM,Stadium
1712,X2,3:27 PM,IMU
1713,X2,3:34 PM,Stadium ()
1714,X2,3:44 PM,Load
1715,X2,3:47 PM,Stadium
1716,X2,3:54 PM,IMU
1717,X2,4:01 PM,Stadium ()
1718,X2,4:11 PM,Load
1719,X2,4:14 PM,Stadium
1720,X2,4:21 PM,IMU
1721,X2,4:28 PM,Stadium ()
1722,X2,4:38 PM,Load
1723,X2,4:41 PM,Stadium
1724,X2,4:48 PM,IMU
1725,X2,4:55 PM,Stadium ()
1726,X2,5:05 PM,Load
1727,X2,5:08 PM,Stadium
1728,X2,5:15 PM,IMU
1729,X2,5:22 PM,Stadium ()
1730,X2,5:35 PM,Load
1731,X2,5:38 PM,Stadium
1732,X2,5:45 PM,IMU
1733,X2,5:52 PM,Stadium ()
1734,X2,6:02 PM,Load
1735,X2,6:05 PM,Stadium
1736,X2,6:12 PM,IMU
1737,X2,6:19 PM,Stadium ()
1738,X2,6:27 PM,Load
1739,X2,6:30 PM,Stadium
1740,X2,6:37 PM,IMU
1741,X2,6:44 PM,Stadium ()
1742,X2,6:52 PM,Load
1743,X2,6:55 PM,Stadium
1744,X2,7:02 PM,IMU
1745,X2,7:09 PM,Stadium ()
